{
  "$schema": "http://json-schema.org/draft-07/schema#",
  "$id": "http://schema.ruter.no/journey.json",
  "type": "object",
  "title": "Journey MQTT message",
  "description": "For real-time information of a vehicles",
  "required": [
    "eventTimestamp",
    "publishedTimestamp",
    "traceId",
    "vehicleRef",
    "journeyPatternRef",
    "journeyPattern"
  ],
  "additionalProperties": false,
  "properties": {
    "eventTimestamp": {
      "$id": "#/properties/eventTimestamp",
      "type": "string",
      "description": "Timestamp of the event that triggered this message. ISO 8601 UTC. Example: 2019-10-15T09:06:10.285218Z",
      "format": "date-time"
    },
    "publishedTimestamp": {
      "$id": "#/properties/publishedTimestamp",
      "type": "string",
      "description": "Timestamp close to when the message was generated. ISO 8601 UTC. Example: 2019-10-15T09:06:10.285218Z",
      "format": "date-time"
    },
    "traceId": {
      "$id": "#/properties/traceId",
      "type": "string",
      "description": "trace-id of this message. UUID. example: 40634dfc-b8bc-44b5-9353-161ac0b0e80b"
    },
    "vehicleRef": {
      "$id": "#/properties/vehicleRef",
      "type": "string",
      "description": "Reference to the vehicle. 16-character VIN or 8 character number.  Example: XYZ0123X0X0123456 or 123456"
    },
    "journeyPatternRef": {
      "$id": "#/properties/journeyPatternRef",
      "type": "string",
      "description": "Reference to the journey pattern. Example: RUT:JourneyPattern:123"
    },
    "line": {
      "$id": "#/properties/line",
      "type": "string",
      "description": "Line number. Example: 36E"
    },
    "journeyPattern": {
      "$id": "#/properties/journeyPattern",
      "type": "array",
      "description": "The complete journeyPattern the vehicle is to drive",
      "items": {
        "$id": "#/properties/journeyPattern/link",
        "type": "object",
        "description": "The order, quayRef and lineString of a stop",
        "required": [
          "order",
          "quayRef",
          "lineString"
        ],
        "properties": {
          "order": {
            "$id": "#/properties/journeyPattern/Link/order",
            "type": "integer",
            "description": "The order of the stop. Starting from 1",
            "minimum": 1
          },
          "quayRef": {
            "$id": "#/properties/journeyPattern/Link/quayRef",
            "type": "string",
            "description": "Reference to the quay of the stop"
          },
          "lineString": {
            "$id": "#/properties/journeyPattern/Link/lineString",
            "type": "array",
            "description": "coordinates as the field is defined in GeoJSON LineString. Example: [[10.7522, 59.9139], [10.7522, 59.9139]]",
            "items": {
              "type": "array",
              "items": [
                {
                  "type": "number",
                  "description": "longitude"
                },
                {
                  "type": "number",
                  "description": "latitude"
                }
              ]
            }
          }
        }
      }
    }
  }
}