{
  "$schema": "http://json-schema.org/draft-07/schema#",
  "$id": "http://schema.ruter.no/tspack.json",
  "type": "object",
  "title": "TSP ack MQTT message",
  "description": "For real-time information of a vehicles",
  "required": [
    "eventTimestamp",
    "publishedTimestamp",
    "traceId",
    "vehicleRef",
    "signalRef",
    "signalName",
    "signalPosition",
    "priorityLevel"
  ],
  "additionalProperties": false,
  "properties": {
    "eventTimestamp": {
      "$id": "#/properties/eventTimestamp",
      "type": "string",
      "description": "The eventTimestamp of the vm-message that triggered this message. Example: 2019-10-15T09:06:10.285218Z",
      "format": "date-time"
    },
    "publishedTimestamp": {
      "$id": "#/properties/publishedTimestamp",
      "type": "string",
      "description": "Timestamp close to when the TSP-message was generated. ISO 8601 UTC. Example: 2019-10-15T09:06:10.285218Z",
      "format": "date-time"
    },
    "traceId": {
      "$id": "#/properties/traceId",
      "type": "string",
      "description": "trace-id of this message. UUID. example: 40634dfc-b8bc-44b5-9353-161ac0b0e80b"
    },
    "vehicleRef": {
      "$id": "#/properties/vehicleRef",
      "type": "string",
      "description": "Reference to the vehicle. 16-character VIN or 6 character number. Example: XYZ0123X0X0123456 or 123456"
    },
    "signalRef": {
      "$id": "#/properties/signalRef",
      "type": "string",
      "description": "Reference to the signal that was triggered"
    },
    "signalName": {
      "$id": "#/properties/name",
      "type": "string",
      "description": "Name of the signal/crossroads"
    },
    "signalPosition": {
      "$id": "#/properties/signalPosition",
      "type": "array",
      "description": "Coordinates of the signal that was triggered, as defined by GeoJson type Point: [longitude, latitude]",
      "items": [
        {
          "type": "number",
          "description": "longitude"
        },
        {
          "type": "number",
          "description": "latitude"
        }
      ]
    },
    "priorityLevel": {
      "$id": "#/properties/priorityLevel",
      "type": "string",
      "description": "What priority was given"
    }
  }
}